claim,model,desc,estimate,ci_lo,ci_hi,p,n,note
C1,arabert,T2 subj−adj causal (L7-11),0.2645,0.2478,0.2816,0.0,1125,
C2,arabert,T1 subj: L9 − mean(L0-6),1.5339,1.4791,1.5873,0.0,1067,
C3,arabert,"T6 attractor score (L5-11, all)",-0.2065,-0.2156,-0.1978,0.0,1200,PRIMARY
C3,arabert,"T6 attractor score (L5-11, correct)",-0.1679,-0.1784,-0.1575,0.0,602,secondary
C4,arabert,"T3 conflict-adj score (L4-8, all)",-0.3184,-0.3349,-0.3024,0.0,1200,PRIMARY
C4,arabert,"T3 conflict-adj score (L4-8, correct)",-0.2181,-0.2404,-0.1963,0.0,518,secondary
C5,arabert,subj weight T4−T1 (L5-11),-0.2683,-0.2928,-0.2437,0.0,1941,
C6,arabert,T2 zeroing subj−adj (L7-11),0.114,0.1086,0.1193,0.0,1200,
C7,arabert,T1 acc masc−fem,0.125,0.09,0.16,0.0,1200,
C1,camelbert,T2 subj−adj causal (L7-11),0.265,0.2502,0.28,0.0,1000,
C2,camelbert,T1 subj: L9 − mean(L0-6),0.8598,0.8204,0.9003,0.0,936,
C3,camelbert,"T6 attractor score (L5-11, all)",-0.1867,-0.1939,-0.1796,0.0,1200,PRIMARY
C3,camelbert,"T6 attractor score (L5-11, correct)",-0.1752,-0.1838,-0.1666,0.0,684,secondary
C4,camelbert,"T3 conflict-adj score (L4-8, all)",-0.2296,-0.2462,-0.213,0.0,1200,PRIMARY
C4,camelbert,"T3 conflict-adj score (L4-8, correct)",-0.1683,-0.1911,-0.1457,0.0,631,secondary
C5,camelbert,subj weight T4−T1 (L5-11),-0.1605,-0.1826,-0.1393,0.0,1823,
C6,camelbert,T2 zeroing subj−adj (L7-11),0.0444,0.0384,0.0502,0.0,1200,
C7,camelbert,T1 acc masc−fem,0.3567,0.3133,0.4,0.0,1200,
C1,arbert,T2 subj−adj causal (L7-11),0.3105,0.2904,0.331,0.0,1006,
C2,arbert,T1 subj: L9 − mean(L0-6),0.889,0.8462,0.9315,0.0,985,
C3,arbert,"T6 attractor score (L5-11, all)",-0.1815,-0.1921,-0.1711,0.0,1144,PRIMARY
C3,arbert,"T6 attractor score (L5-11, correct)",-0.1482,-0.1594,-0.1369,0.0,674,secondary
C4,arbert,"T3 conflict-adj score (L4-8, all)",-0.2743,-0.2926,-0.2559,0.0,1131,PRIMARY
C4,arbert,"T3 conflict-adj score (L4-8, correct)",-0.1671,-0.1936,-0.1409,0.0,498,secondary
C5,arbert,subj weight T4−T1 (L5-11),-0.0096,-0.0406,0.0209,0.5288,1931,
C6,arbert,T2 zeroing subj−adj (L7-11),0.1042,0.0965,0.1119,0.0,1130,
C7,arbert,T1 acc masc−fem,0.2399,0.2032,0.2785,0.0,1142,
C1,arabert,T2 subj−adj causal (L7-11),0.2645,0.2293,0.3011,,21,cluster-frame
C2,arabert,T1 subj: L9 − mean(L0-6),1.5339,1.3741,1.7028,,21,cluster-frame
C3,arabert,"T6 attractor score (L5-11, all)",-0.2065,-0.2367,-0.1775,,21,cluster-frame
C4,arabert,"T3 conflict-adj score (L4-8, all)",-0.3184,-0.367,-0.2744,,21,cluster-frame
C6,arabert,T2 zeroing subj−adj (L7-11),0.114,0.0948,0.1333,,21,cluster-frame
C5,arabert,subj weight T4−T1 (L5-11),-0.2683,-0.303,-0.2339,,21,cluster-frame
C7,arabert,T1 acc masc−fem,0.125,0.0087,0.227,,21,cluster-frame
C1,arabert,T2 subj−adj causal (L7-11),0.2645,0.2049,0.3198,,34,cluster-subject
C2,arabert,T1 subj: L9 − mean(L0-6),1.5339,1.4301,1.6382,,44,cluster-subject
C3,arabert,"T6 attractor score (L5-11, all)",-0.2065,-0.2161,-0.1968,,44,cluster-subject
C4,arabert,"T3 conflict-adj score (L4-8, all)",-0.3184,-0.3449,-0.2923,,34,cluster-subject
C6,arabert,T2 zeroing subj−adj (L7-11),0.114,0.1006,0.1277,,34,cluster-subject
C5,arabert,subj weight T4−T1 (L5-11),-0.2683,-0.3039,-0.2333,,44,cluster-subject
C7,arabert,T1 acc masc−fem,0.125,0.0779,0.1729,,44,cluster-subject
C1,camelbert,T2 subj−adj causal (L7-11),0.265,0.2217,0.3119,,21,cluster-frame
C2,camelbert,T1 subj: L9 − mean(L0-6),0.8598,0.7443,0.995,,21,cluster-frame
C3,camelbert,"T6 attractor score (L5-11, all)",-0.1867,-0.2102,-0.1636,,21,cluster-frame
C4,camelbert,"T3 conflict-adj score (L4-8, all)",-0.2296,-0.2925,-0.177,,21,cluster-frame
C6,camelbert,T2 zeroing subj−adj (L7-11),0.0444,0.03,0.0584,,21,cluster-frame
C5,camelbert,subj weight T4−T1 (L5-11),-0.1605,-0.2029,-0.1201,,21,cluster-frame
C7,camelbert,T1 acc masc−fem,0.3567,0.1867,0.5228,,21,cluster-frame
C1,camelbert,T2 subj−adj causal (L7-11),0.265,0.2244,0.3024,,34,cluster-subject
C2,camelbert,T1 subj: L9 − mean(L0-6),0.8598,0.7566,0.9679,,44,cluster-subject
C3,camelbert,"T6 attractor score (L5-11, all)",-0.1867,-0.195,-0.1787,,44,cluster-subject
C4,camelbert,"T3 conflict-adj score (L4-8, all)",-0.2296,-0.2526,-0.206,,34,cluster-subject
C6,camelbert,T2 zeroing subj−adj (L7-11),0.0444,0.033,0.0565,,34,cluster-subject
C5,camelbert,subj weight T4−T1 (L5-11),-0.1605,-0.1964,-0.1248,,44,cluster-subject
C7,camelbert,T1 acc masc−fem,0.3567,0.3057,0.4071,,44,cluster-subject
C1,arbert,T2 subj−adj causal (L7-11),0.3105,0.2699,0.3499,,21,cluster-frame
C2,arbert,T1 subj: L9 − mean(L0-6),0.889,0.7921,0.9862,,21,cluster-frame
C3,arbert,"T6 attractor score (L5-11, all)",-0.1815,-0.2093,-0.1554,,21,cluster-frame
C4,arbert,"T3 conflict-adj score (L4-8, all)",-0.2743,-0.3434,-0.2089,,21,cluster-frame
C6,arbert,T2 zeroing subj−adj (L7-11),0.1042,0.0781,0.13,,21,cluster-frame
C5,arbert,subj weight T4−T1 (L5-11),-0.0096,-0.0491,0.0287,,21,cluster-frame
C7,arbert,T1 acc masc−fem,0.2399,0.119,0.3692,,21,cluster-frame
C1,arbert,T2 subj−adj causal (L7-11),0.3105,0.2538,0.3619,,32,cluster-subject
C2,arbert,T1 subj: L9 − mean(L0-6),0.889,0.7997,0.9817,,42,cluster-subject
C3,arbert,"T6 attractor score (L5-11, all)",-0.1815,-0.1945,-0.1687,,42,cluster-subject
C4,arbert,"T3 conflict-adj score (L4-8, all)",-0.2743,-0.3072,-0.2398,,32,cluster-subject
C6,arbert,T2 zeroing subj−adj (L7-11),0.1042,0.0895,0.1194,,32,cluster-subject
C5,arbert,subj weight T4−T1 (L5-11),-0.0096,-0.049,0.0286,,42,cluster-subject
C7,arbert,T1 acc masc−fem,0.2399,0.1883,0.2956,,42,cluster-subject
